[{
		"id": 311787,
		"is_dead": false,
		"name": "Budweiser",
		"tags": "budweiser beer lager canada ontario labatt breweries can",
		"is_discontinued": false,
		"price_in_cents": 1450,
		"regular_price_in_cents": 1450,
		"limited_time_offer_savings_in_cents": 0,
		"limited_time_offer_ends_on": null,
		"bonus_reward_miles": 0,
		"bonus_reward_miles_ends_on": null,
		"stock_type": "LCBO",
		"primary_category": "Beer",
		"secondary_category": "Lager",
		"origin": "Canada, Ontario",
		"package": "6x473 mL can",
		"package_unit_type": "can",
		"package_unit_volume_in_milliliters": 473,
		"total_package_units": 6,
		"volume_in_milliliters": 2838,
		"alcohol_content": 500,
		"price_per_liter_of_alcohol_in_cents": 1021,
		"price_per_liter_in_cents": 510,
		"inventory_count": 61276,
		"inventory_volume_in_milliliters": 173901288,
		"inventory_price_in_cents": 88850200,
		"sugar_content": null,
		"producer_name": "Labatt Breweries Ontario",
		"released_on": null,
		"has_value_added_promotion": false,
		"has_limited_time_offer": false,
		"has_bonus_reward_miles": false,
		"is_seasonal": false,
		"is_vqa": false,
		"is_ocb": false,
		"is_kosher": false,
		"value_added_promotion_description": null,
		"description": null,
		"serving_suggestion": null,
		"tasting_note": null,
		"updated_at": "2017-10-20T14:19:02.604Z",
		"image_thumb_url": "https://dx5vpyka4lqst.cloudfront.net/products/311787/images/thumb.png",
		"image_url": "https://dx5vpyka4lqst.cloudfront.net/products/311787/images/full.jpeg",
		"varietal": "North American Lager",
		"style": "Light \u0026 Malty",
		"tertiary_category": "Pale Lager",
		"sugar_in_grams_per_liter": null,
		"clearance_sale_savings_in_cents": 0,
		"has_clearance_sale": false,
		"product_no": 311787
	, "quantity":1 }, {
		"id": 300681,
		"is_dead": false,
		"name": "Coors Light",
		"tags": "coors light beer lager canada ontario molson's molsons brewery of limited can",
		"is_discontinued": false,
		"price_in_cents": 1325,
		"regular_price_in_cents": 1450,
		"limited_time_offer_savings_in_cents": 125,
		"limited_time_offer_ends_on": "2017-11-05",
		"bonus_reward_miles": 0,
		"bonus_reward_miles_ends_on": null,
		"stock_type": "LCBO",
		"primary_category": "Beer",
		"secondary_category": "Lager",
		"origin": "Canada, Ontario",
		"package": "6x473 mL can",
		"package_unit_type": "can",
		"package_unit_volume_in_milliliters": 473,
		"total_package_units": 6,
		"volume_in_milliliters": 2838,
		"alcohol_content": 400,
		"price_per_liter_of_alcohol_in_cents": 1167,
		"price_per_liter_in_cents": 466,
		"inventory_count": 60030,
		"inventory_volume_in_milliliters": 170365140,
		"inventory_price_in_cents": 79539750,
		"sugar_content": null,
		"producer_name": "Molson's Brewery of Canada Limited",
		"released_on": null,
		"has_value_added_promotion": false,
		"has_limited_time_offer": true,
		"has_bonus_reward_miles": false,
		"is_seasonal": false,
		"is_vqa": false,
		"is_ocb": false,
		"is_kosher": false,
		"value_added_promotion_description": null,
		"description": null,
		"serving_suggestion": null,
		"tasting_note": null,
		"updated_at": "2017-10-20T14:21:57.893Z",
		"image_thumb_url": "https://dx5vpyka4lqst.cloudfront.net/products/300681/images/thumb.png",
		"image_url": "https://dx5vpyka4lqst.cloudfront.net/products/300681/images/full.jpeg",
		"varietal": "Light Lager",
		"style": "Light \u0026 Malty",
		"tertiary_category": "Light Lager",
		"sugar_in_grams_per_liter": null,
		"clearance_sale_savings_in_cents": 0,
		"has_clearance_sale": false,
		"product_no": 300681
	, "quantity":1 }, {
		"id": 300699,
		"is_dead": false,
		"name": "Molson Canadian",
		"tags": "molson canadian beer lager canada ontario molson's molsons brewery of limited can",
		"is_discontinued": false,
		"price_in_cents": 1450,
		"regular_price_in_cents": 1450,
		"limited_time_offer_savings_in_cents": 0,
		"limited_time_offer_ends_on": null,
		"bonus_reward_miles": 0,
		"bonus_reward_miles_ends_on": null,
		"stock_type": "LCBO",
		"primary_category": "Beer",
		"secondary_category": "Lager",
		"origin": "Canada, Ontario",
		"package": "6x473 mL can",
		"package_unit_type": "can",
		"package_unit_volume_in_milliliters": 473,
		"total_package_units": 6,
		"volume_in_milliliters": 2838,
		"alcohol_content": 500,
		"price_per_liter_of_alcohol_in_cents": 1021,
		"price_per_liter_in_cents": 510,
		"inventory_count": 56406,
		"inventory_volume_in_milliliters": 160080228,
		"inventory_price_in_cents": 81788700,
		"sugar_content": null,
		"producer_name": "Molson's Brewery of Canada Limited",
		"released_on": null,
		"has_value_added_promotion": false,
		"has_limited_time_offer": false,
		"has_bonus_reward_miles": false,
		"is_seasonal": false,
		"is_vqa": false,
		"is_ocb": false,
		"is_kosher": false,
		"value_added_promotion_description": null,
		"description": null,
		"serving_suggestion": null,
		"tasting_note": null,
		"updated_at": "2017-10-20T14:31:08.048Z",
		"image_thumb_url": "https://dx5vpyka4lqst.cloudfront.net/products/300699/images/thumb.png",
		"image_url": "https://dx5vpyka4lqst.cloudfront.net/products/300699/images/full.jpeg",
		"varietal": "North American Lager",
		"style": "Light \u0026 Malty",
		"tertiary_category": "Pale Lager",
		"sugar_in_grams_per_liter": null,
		"clearance_sale_savings_in_cents": 0,
		"has_clearance_sale": false,
		"product_no": 300699
	, "quantity":1 }, {
		"id": 696161,
		"is_dead": false,
		"name": "Busch",
		"tags": "busch beer lager canada ontario labatt breweries can",
		"is_discontinued": false,
		"price_in_cents": 1235,
		"regular_price_in_cents": 1235,
		"limited_time_offer_savings_in_cents": 0,
		"limited_time_offer_ends_on": null,
		"bonus_reward_miles": 0,
		"bonus_reward_miles_ends_on": null,
		"stock_type": "LCBO",
		"primary_category": "Beer",
		"secondary_category": "Lager",
		"origin": "Canada, Ontario",
		"package": "6x473 mL can",
		"package_unit_type": "can",
		"package_unit_volume_in_milliliters": 473,
		"total_package_units": 6,
		"volume_in_milliliters": 2838,
		"alcohol_content": 470,
		"price_per_liter_of_alcohol_in_cents": 925,
		"price_per_liter_in_cents": 435,
		"inventory_count": 41387,
		"inventory_volume_in_milliliters": 117456306,
		"inventory_price_in_cents": 51112945,
		"sugar_content": null,
		"producer_name": "Labatt Breweries Ontario",
		"released_on": null,
		"has_value_added_promotion": false,
		"has_limited_time_offer": false,
		"has_bonus_reward_miles": false,
		"is_seasonal": false,
		"is_vqa": false,
		"is_ocb": false,
		"is_kosher": false,
		"value_added_promotion_description": null,
		"description": null,
		"serving_suggestion": null,
		"tasting_note": null,
		"updated_at": "2017-10-20T14:19:10.308Z",
		"image_thumb_url": "https://dx5vpyka4lqst.cloudfront.net/products/696161/images/thumb.png",
		"image_url": "https://dx5vpyka4lqst.cloudfront.net/products/696161/images/full.jpeg",
		"varietal": "North American Lager",
		"style": "Light \u0026 Malty",
		"tertiary_category": "Pale Lager",
		"sugar_in_grams_per_liter": null,
		"clearance_sale_savings_in_cents": 0,
		"has_clearance_sale": false,
		"product_no": 696161
	, "quantity":1 }, {
		"id": 311779,
		"is_dead": false,
		"name": "Bud Light",
		"tags": "bud light beer lager canada ontario labatt breweries can",
		"is_discontinued": false,
		"price_in_cents": 1450,
		"regular_price_in_cents": 1450,
		"limited_time_offer_savings_in_cents": 0,
		"limited_time_offer_ends_on": null,
		"bonus_reward_miles": 0,
		"bonus_reward_miles_ends_on": null,
		"stock_type": "LCBO",
		"primary_category": "Beer",
		"secondary_category": "Lager",
		"origin": "Canada, Ontario",
		"package": "6x473 mL can",
		"package_unit_type": "can",
		"package_unit_volume_in_milliliters": 473,
		"total_package_units": 6,
		"volume_in_milliliters": 2838,
		"alcohol_content": 400,
		"price_per_liter_of_alcohol_in_cents": 1277,
		"price_per_liter_in_cents": 510,
		"inventory_count": 38260,
		"inventory_volume_in_milliliters": 108581880,
		"inventory_price_in_cents": 55477000,
		"sugar_content": null,
		"producer_name": "Labatt Breweries Ontario",
		"released_on": null,
		"has_value_added_promotion": false,
		"has_limited_time_offer": false,
		"has_bonus_reward_miles": false,
		"is_seasonal": false,
		"is_vqa": false,
		"is_ocb": false,
		"is_kosher": false,
		"value_added_promotion_description": null,
		"description": null,
		"serving_suggestion": null,
		"tasting_note": null,
		"updated_at": "2017-10-20T14:19:00.005Z",
		"image_thumb_url": "https://dx5vpyka4lqst.cloudfront.net/products/311779/images/thumb.png",
		"image_url": "https://dx5vpyka4lqst.cloudfront.net/products/311779/images/full.jpeg",
		"varietal": "Light Lager",
		"style": "Light \u0026 Malty",
		"tertiary_category": "Light Lager",
		"sugar_in_grams_per_liter": null,
		"clearance_sale_savings_in_cents": 0,
		"has_clearance_sale": false,
		"product_no": 311779
	, "quantity":1 }, {
		"id": 186510,
		"is_dead": false,
		"name": "Corona Extra",
		"tags": "corona extra beer lager mexico region not specified cerveceria modelo sa de cv bottle",
		"is_discontinued": false,
		"price_in_cents": 1450,
		"regular_price_in_cents": 1450,
		"limited_time_offer_savings_in_cents": 0,
		"limited_time_offer_ends_on": null,
		"bonus_reward_miles": 0,
		"bonus_reward_miles_ends_on": null,
		"stock_type": "LCBO",
		"primary_category": "Beer",
		"secondary_category": "Lager",
		"origin": "Mexico, Region Not Specified",
		"package": "6x330 mL bottle",
		"package_unit_type": "bottle",
		"package_unit_volume_in_milliliters": 330,
		"total_package_units": 6,
		"volume_in_milliliters": 1980,
		"alcohol_content": 459,
		"price_per_liter_of_alcohol_in_cents": 1595,
		"price_per_liter_in_cents": 732,
		"inventory_count": 49676,
		"inventory_volume_in_milliliters": 98358480,
		"inventory_price_in_cents": 72030200,
		"sugar_content": null,
		"producer_name": "Cerveceria Modelo Sa de Cv",
		"released_on": null,
		"has_value_added_promotion": false,
		"has_limited_time_offer": false,
		"has_bonus_reward_miles": false,
		"is_seasonal": false,
		"is_vqa": false,
		"is_ocb": false,
		"is_kosher": false,
		"value_added_promotion_description": null,
		"description": null,
		"serving_suggestion": null,
		"tasting_note": null,
		"updated_at": "2017-10-20T14:22:01.098Z",
		"image_thumb_url": "https://dx5vpyka4lqst.cloudfront.net/products/186510/images/thumb.png",
		"image_url": "https://dx5vpyka4lqst.cloudfront.net/products/186510/images/full.jpeg",
		"varietal": "North American Lager",
		"style": "Light \u0026 Malty",
		"tertiary_category": "Pale Lager",
		"sugar_in_grams_per_liter": null,
		"clearance_sale_savings_in_cents": 0,
		"has_clearance_sale": false,
		"product_no": 186510
	, "quantity":1 }, {
		"id": 696468,
		"is_dead": false,
		"name": "Labatt Blue",
		"tags": "labatt blue beer lager canada ontario breweries can",
		"is_discontinued": false,
		"price_in_cents": 210,
		"regular_price_in_cents": 210,
		"limited_time_offer_savings_in_cents": 0,
		"limited_time_offer_ends_on": null,
		"bonus_reward_miles": 0,
		"bonus_reward_miles_ends_on": null,
		"stock_type": "LCBO",
		"primary_category": "Beer",
		"secondary_category": "Lager",
		"origin": "Canada, Ontario",
		"package": "473 mL can",
		"package_unit_type": "can",
		"package_unit_volume_in_milliliters": 473,
		"total_package_units": 1,
		"volume_in_milliliters": 473,
		"alcohol_content": 500,
		"price_per_liter_of_alcohol_in_cents": 887,
		"price_per_liter_in_cents": 443,
		"inventory_count": 192490,
		"inventory_volume_in_milliliters": 91047770,
		"inventory_price_in_cents": 40422900,
		"sugar_content": null,
		"producer_name": "Labatt Breweries Ontario",
		"released_on": null,
		"has_value_added_promotion": false,
		"has_limited_time_offer": false,
		"has_bonus_reward_miles": false,
		"is_seasonal": false,
		"is_vqa": false,
		"is_ocb": false,
		"is_kosher": false,
		"value_added_promotion_description": null,
		"description": null,
		"serving_suggestion": null,
		"tasting_note": null,
		"updated_at": "2017-10-20T14:28:42.162Z",
		"image_thumb_url": "https://dx5vpyka4lqst.cloudfront.net/products/696468/images/thumb.png",
		"image_url": "https://dx5vpyka4lqst.cloudfront.net/products/696468/images/full.jpeg",
		"varietal": "North American Lager",
		"style": "Light \u0026 Malty",
		"tertiary_category": "Pale Lager",
		"sugar_in_grams_per_liter": null,
		"clearance_sale_savings_in_cents": 0,
		"has_clearance_sale": false,
		"product_no": 696468
	, "quantity":1 }, {
		"id": 367938,
		"is_dead": false,
		"name": "Stella Artois",
		"tags": "stella artois beer lager belgium region not specified labatt breweries ontario can",
		"is_discontinued": false,
		"price_in_cents": 1550,
		"regular_price_in_cents": 1650,
		"limited_time_offer_savings_in_cents": 100,
		"limited_time_offer_ends_on": "2017-11-05",
		"bonus_reward_miles": 0,
		"bonus_reward_miles_ends_on": null,
		"stock_type": "LCBO",
		"primary_category": "Beer",
		"secondary_category": "Lager",
		"origin": "Belgium, Region Not Specified",
		"package": "6x500 mL can",
		"package_unit_type": "can",
		"package_unit_volume_in_milliliters": 500,
		"total_package_units": 6,
		"volume_in_milliliters": 3000,
		"alcohol_content": 500,
		"price_per_liter_of_alcohol_in_cents": 1033,
		"price_per_liter_in_cents": 516,
		"inventory_count": 29101,
		"inventory_volume_in_milliliters": 87303000,
		"inventory_price_in_cents": 45106550,
		"sugar_content": null,
		"producer_name": "Labatt Breweries Ontario",
		"released_on": null,
		"has_value_added_promotion": false,
		"has_limited_time_offer": true,
		"has_bonus_reward_miles": false,
		"is_seasonal": false,
		"is_vqa": false,
		"is_ocb": false,
		"is_kosher": false,
		"value_added_promotion_description": null,
		"description": null,
		"serving_suggestion": null,
		"tasting_note": null,
		"updated_at": "2017-10-20T14:36:19.171Z",
		"image_thumb_url": "https://dx5vpyka4lqst.cloudfront.net/products/367938/images/thumb.png",
		"image_url": "https://dx5vpyka4lqst.cloudfront.net/products/367938/images/full.jpeg",
		"varietal": "European Lager",
		"style": "Light \u0026 Malty",
		"tertiary_category": "Pale Lager",
		"sugar_in_grams_per_liter": null,
		"clearance_sale_savings_in_cents": 0,
		"has_clearance_sale": false,
		"product_no": 367938
	, "quantity":1 }, {
		"id": 302810,
		"is_dead": false,
		"name": "Heineken",
		"tags": "heineken beer lager netherlands region not specified heineken's heinekens brouwerijen nederland bv can",
		"is_discontinued": false,
		"price_in_cents": 1550,
		"regular_price_in_cents": 1650,
		"limited_time_offer_savings_in_cents": 100,
		"limited_time_offer_ends_on": "2017-11-05",
		"bonus_reward_miles": 0,
		"bonus_reward_miles_ends_on": null,
		"stock_type": "LCBO",
		"primary_category": "Beer",
		"secondary_category": "Lager",
		"origin": "Netherlands, Region Not Specified",
		"package": "6x500 mL can",
		"package_unit_type": "can",
		"package_unit_volume_in_milliliters": 500,
		"total_package_units": 6,
		"volume_in_milliliters": 3000,
		"alcohol_content": 500,
		"price_per_liter_of_alcohol_in_cents": 1033,
		"price_per_liter_in_cents": 516,
		"inventory_count": 27237,
		"inventory_volume_in_milliliters": 81711000,
		"inventory_price_in_cents": 42217350,
		"sugar_content": null,
		"producer_name": "Heineken's Brouwerijen Nederland BV",
		"released_on": null,
		"has_value_added_promotion": false,
		"has_limited_time_offer": true,
		"has_bonus_reward_miles": false,
		"is_seasonal": false,
		"is_vqa": false,
		"is_ocb": false,
		"is_kosher": false,
		"value_added_promotion_description": null,
		"description": null,
		"serving_suggestion": null,
		"tasting_note": null,
		"updated_at": "2017-10-20T14:26:20.507Z",
		"image_thumb_url": "https://dx5vpyka4lqst.cloudfront.net/products/302810/images/thumb.png",
		"image_url": "https://dx5vpyka4lqst.cloudfront.net/products/302810/images/full.jpeg",
		"varietal": "European Lager",
		"style": "Light \u0026 Hoppy",
		"tertiary_category": "Pale Lager",
		"sugar_in_grams_per_liter": null,
		"clearance_sale_savings_in_cents": 0,
		"has_clearance_sale": false,
		"product_no": 302810
	, "quantity":1 }, {
		"id": 142620,
		"is_dead": false,
		"name": "Laker Ice",
		"tags": "laker ice beer lager canada ontario the brick brewing co can",
		"is_discontinued": false,
		"price_in_cents": 210,
		"regular_price_in_cents": 210,
		"limited_time_offer_savings_in_cents": 0,
		"limited_time_offer_ends_on": null,
		"bonus_reward_miles": 0,
		"bonus_reward_miles_ends_on": null,
		"stock_type": "LCBO",
		"primary_category": "Beer",
		"secondary_category": "Lager",
		"origin": "Canada, Ontario",
		"package": "473 mL can",
		"package_unit_type": "can",
		"package_unit_volume_in_milliliters": 473,
		"total_package_units": 1,
		"volume_in_milliliters": 473,
		"alcohol_content": 550,
		"price_per_liter_of_alcohol_in_cents": 807,
		"price_per_liter_in_cents": 443,
		"inventory_count": 170371,
		"inventory_volume_in_milliliters": 80585483,
		"inventory_price_in_cents": 35777910,
		"sugar_content": null,
		"producer_name": "The Brick Brewing Co",
		"released_on": null,
		"has_value_added_promotion": false,
		"has_limited_time_offer": false,
		"has_bonus_reward_miles": false,
		"is_seasonal": false,
		"is_vqa": false,
		"is_ocb": false,
		"is_kosher": false,
		"value_added_promotion_description": null,
		"description": null,
		"serving_suggestion": null,
		"tasting_note": null,
		"updated_at": "2017-10-20T14:28:50.546Z",
		"image_thumb_url": "https://dx5vpyka4lqst.cloudfront.net/products/142620/images/thumb.png",
		"image_url": "https://dx5vpyka4lqst.cloudfront.net/products/142620/images/full.jpeg",
		"varietal": "Strong Lager",
		"style": "Light \u0026 Hoppy",
		"tertiary_category": "Strong Lager",
		"sugar_in_grams_per_liter": null,
		"clearance_sale_savings_in_cents": 0,
		"has_clearance_sale": false,
		"product_no": 142620
	, "quantity":1 }, {
		"id": 586677,
		"is_dead": false,
		"name": "Old Milwaukee Ice",
		"tags": "old milwaukee ice beer lager canada ontario sleeman brewing malting co can",
		"is_discontinued": false,
		"price_in_cents": 1165,
		"regular_price_in_cents": 1230,
		"limited_time_offer_savings_in_cents": 65,
		"limited_time_offer_ends_on": "2017-11-05",
		"bonus_reward_miles": 0,
		"bonus_reward_miles_ends_on": null,
		"stock_type": "LCBO",
		"primary_category": "Beer",
		"secondary_category": "Lager",
		"origin": "Canada, Ontario",
		"package": "6x473 mL can",
		"package_unit_type": "can",
		"package_unit_volume_in_milliliters": 473,
		"total_package_units": 6,
		"volume_in_milliliters": 2838,
		"alcohol_content": 550,
		"price_per_liter_of_alcohol_in_cents": 746,
		"price_per_liter_in_cents": 410,
		"inventory_count": 28021,
		"inventory_volume_in_milliliters": 79523598,
		"inventory_price_in_cents": 32644465,
		"sugar_content": null,
		"producer_name": "Sleeman Brewing \u0026 Malting Co",
		"released_on": null,
		"has_value_added_promotion": false,
		"has_limited_time_offer": true,
		"has_bonus_reward_miles": false,
		"is_seasonal": false,
		"is_vqa": false,
		"is_ocb": false,
		"is_kosher": false,
		"value_added_promotion_description": null,
		"description": null,
		"serving_suggestion": null,
		"tasting_note": null,
		"updated_at": "2017-10-20T14:32:06.167Z",
		"image_thumb_url": "https://dx5vpyka4lqst.cloudfront.net/products/586677/images/thumb.png",
		"image_url": "https://dx5vpyka4lqst.cloudfront.net/products/586677/images/full.jpeg",
		"varietal": "North American Lager",
		"style": "Light \u0026 Malty",
		"tertiary_category": "Pale Lager",
		"sugar_in_grams_per_liter": null,
		"clearance_sale_savings_in_cents": 0,
		"has_clearance_sale": false,
		"product_no": 586677
	, "quantity":1 }, {
		"id": 493916,
		"is_dead": false,
		"name": "Old Milwaukee",
		"tags": "old milwaukee beer lager canada ontario sleeman brewing malting co can",
		"is_discontinued": false,
		"price_in_cents": 1195,
		"regular_price_in_cents": 1195,
		"limited_time_offer_savings_in_cents": 0,
		"limited_time_offer_ends_on": null,
		"bonus_reward_miles": 0,
		"bonus_reward_miles_ends_on": null,
		"stock_type": "LCBO",
		"primary_category": "Beer",
		"secondary_category": "Lager",
		"origin": "Canada, Ontario",
		"package": "6x473 mL can",
		"package_unit_type": "can",
		"package_unit_volume_in_milliliters": 473,
		"total_package_units": 6,
		"volume_in_milliliters": 2838,
		"alcohol_content": 490,
		"price_per_liter_of_alcohol_in_cents": 859,
		"price_per_liter_in_cents": 421,
		"inventory_count": 23436,
		"inventory_volume_in_milliliters": 66511368,
		"inventory_price_in_cents": 28006020,
		"sugar_content": null,
		"producer_name": "Sleeman Brewing \u0026 Malting Co",
		"released_on": null,
		"has_value_added_promotion": false,
		"has_limited_time_offer": false,
		"has_bonus_reward_miles": false,
		"is_seasonal": false,
		"is_vqa": false,
		"is_ocb": false,
		"is_kosher": false,
		"value_added_promotion_description": null,
		"description": null,
		"serving_suggestion": null,
		"tasting_note": null,
		"updated_at": "2017-10-20T14:32:05.580Z",
		"image_thumb_url": "https://dx5vpyka4lqst.cloudfront.net/products/493916/images/thumb.png",
		"image_url": "https://dx5vpyka4lqst.cloudfront.net/products/493916/images/full.jpeg",
		"varietal": "American Pale Ale",
		"style": "Light \u0026 Malty",
		"tertiary_category": "Pale Lager",
		"sugar_in_grams_per_liter": null,
		"clearance_sale_savings_in_cents": 0,
		"has_clearance_sale": false,
		"product_no": 493916
	, "quantity":1 }, {
		"id": 18,
		"is_dead": false,
		"name": "Heineken",
		"tags": "heineken beer lager netherlands region not specified heineken's heinekens brouwerijen nederland bv bottle",
		"is_discontinued": false,
		"price_in_cents": 1450,
		"regular_price_in_cents": 1450,
		"limited_time_offer_savings_in_cents": 0,
		"limited_time_offer_ends_on": null,
		"bonus_reward_miles": 0,
		"bonus_reward_miles_ends_on": null,
		"stock_type": "LCBO",
		"primary_category": "Beer",
		"secondary_category": "Lager",
		"origin": "Netherlands, Region Not Specified",
		"package": "6x330 mL bottle",
		"package_unit_type": "bottle",
		"package_unit_volume_in_milliliters": 330,
		"total_package_units": 6,
		"volume_in_milliliters": 1980,
		"alcohol_content": 500,
		"price_per_liter_of_alcohol_in_cents": 1464,
		"price_per_liter_in_cents": 732,
		"inventory_count": 32182,
		"inventory_volume_in_milliliters": 63720360,
		"inventory_price_in_cents": 46663900,
		"sugar_content": null,
		"producer_name": "Heineken's Brouwerijen Nederland BV",
		"released_on": null,
		"has_value_added_promotion": true,
		"has_limited_time_offer": false,
		"has_bonus_reward_miles": false,
		"is_seasonal": false,
		"is_vqa": false,
		"is_ocb": false,
		"is_kosher": false,
		"value_added_promotion_description": "Heineken Fall Outdoor Gear",
		"description": null,
		"serving_suggestion": null,
		"tasting_note": null,
		"updated_at": "2017-10-20T14:26:20.266Z",
		"image_thumb_url": "https://dx5vpyka4lqst.cloudfront.net/products/18/images/thumb.png",
		"image_url": "https://dx5vpyka4lqst.cloudfront.net/products/18/images/full.jpeg",
		"varietal": "European Lager",
		"style": "Light \u0026 Hoppy",
		"tertiary_category": "Pale Lager",
		"sugar_in_grams_per_liter": null,
		"clearance_sale_savings_in_cents": 0,
		"has_clearance_sale": false,
		"product_no": 18
	, "quantity":1 }, {
		"id": 487256,
		"is_dead": false,
		"name": "Stella Artois",
		"tags": "stella artois beer lager belgium region not specified nvinterbrew bottle",
		"is_discontinued": false,
		"price_in_cents": 1450,
		"regular_price_in_cents": 1450,
		"limited_time_offer_savings_in_cents": 0,
		"limited_time_offer_ends_on": null,
		"bonus_reward_miles": 0,
		"bonus_reward_miles_ends_on": null,
		"stock_type": "LCBO",
		"primary_category": "Beer",
		"secondary_category": "Lager",
		"origin": "Belgium, Region Not Specified",
		"package": "6x330 mL bottle",
		"package_unit_type": "bottle",
		"package_unit_volume_in_milliliters": 330,
		"total_package_units": 6,
		"volume_in_milliliters": 1980,
		"alcohol_content": 500,
		"price_per_liter_of_alcohol_in_cents": 1464,
		"price_per_liter_in_cents": 732,
		"inventory_count": 28132,
		"inventory_volume_in_milliliters": 55701360,
		"inventory_price_in_cents": 40791400,
		"sugar_content": null,
		"producer_name": "N.V.INTERBREW. Belgium",
		"released_on": null,
		"has_value_added_promotion": false,
		"has_limited_time_offer": false,
		"has_bonus_reward_miles": false,
		"is_seasonal": false,
		"is_vqa": false,
		"is_ocb": false,
		"is_kosher": false,
		"value_added_promotion_description": null,
		"description": null,
		"serving_suggestion": null,
		"tasting_note": null,
		"updated_at": "2017-10-20T14:36:18.937Z",
		"image_thumb_url": "https://dx5vpyka4lqst.cloudfront.net/products/487256/images/thumb.png",
		"image_url": "https://dx5vpyka4lqst.cloudfront.net/products/487256/images/full.jpeg",
		"varietal": "European Lager",
		"style": "Light \u0026 Malty",
		"tertiary_category": "Pale Lager",
		"sugar_in_grams_per_liter": null,
		"clearance_sale_savings_in_cents": 0,
		"has_clearance_sale": false,
		"product_no": 487256
	, "quantity":1 }, {
		"id": 279307,
		"is_dead": false,
		"name": "Somersby Apple Cider",
		"tags": "somersby apple cider ciders denmark region not specified carlsberg canada inc can",
		"is_discontinued": false,
		"price_in_cents": 315,
		"regular_price_in_cents": 315,
		"limited_time_offer_savings_in_cents": 0,
		"limited_time_offer_ends_on": null,
		"bonus_reward_miles": 0,
		"bonus_reward_miles_ends_on": null,
		"stock_type": "LCBO",
		"primary_category": "Ciders",
		"secondary_category": "Cider",
		"origin": "Denmark, Region Not Specified",
		"package": "500 mL can",
		"package_unit_type": "can",
		"package_unit_volume_in_milliliters": 500,
		"total_package_units": 1,
		"volume_in_milliliters": 500,
		"alcohol_content": 450,
		"price_per_liter_of_alcohol_in_cents": 1400,
		"price_per_liter_in_cents": 630,
		"inventory_count": 108765,
		"inventory_volume_in_milliliters": 54382500,
		"inventory_price_in_cents": 34260975,
		"sugar_content": null,
		"producer_name": "Carlsberg Canada Inc.",
		"released_on": null,
		"has_value_added_promotion": false,
		"has_limited_time_offer": false,
		"has_bonus_reward_miles": false,
		"is_seasonal": false,
		"is_vqa": false,
		"is_ocb": false,
		"is_kosher": false,
		"value_added_promotion_description": null,
		"description": null,
		"serving_suggestion": null,
		"tasting_note": null,
		"updated_at": "2017-10-20T14:35:55.560Z",
		"image_thumb_url": "https://dx5vpyka4lqst.cloudfront.net/products/279307/images/thumb.png",
		"image_url": "https://dx5vpyka4lqst.cloudfront.net/products/279307/images/full.jpeg",
		"varietal": "Cider",
		"style": "Sweet \u0026 Fruity",
		"tertiary_category": "Flavoured Cider",
		"sugar_in_grams_per_liter": 86,
		"clearance_sale_savings_in_cents": 0,
		"has_clearance_sale": false,
		"product_no": 279307
	, "quantity":1 }, {
		"id": 397638,
		"is_dead": false,
		"name": "Lowenbrau Original",
		"tags": "lowenbrau original beer lager canada ontario labatt breweries can",
		"is_discontinued": false,
		"price_in_cents": 204,
		"regular_price_in_cents": 204,
		"limited_time_offer_savings_in_cents": 0,
		"limited_time_offer_ends_on": null,
		"bonus_reward_miles": 0,
		"bonus_reward_miles_ends_on": null,
		"stock_type": "LCBO",
		"primary_category": "Beer",
		"secondary_category": "Lager",
		"origin": "Canada, Ontario",
		"package": "473 mL can",
		"package_unit_type": "can",
		"package_unit_volume_in_milliliters": 473,
		"total_package_units": 1,
		"volume_in_milliliters": 473,
		"alcohol_content": 520,
		"price_per_liter_of_alcohol_in_cents": 829,
		"price_per_liter_in_cents": 431,
		"inventory_count": 110791,
		"inventory_volume_in_milliliters": 52404143,
		"inventory_price_in_cents": 22601364,
		"sugar_content": null,
		"producer_name": "Labatt Breweries Ontario",
		"released_on": "2016-04-18",
		"has_value_added_promotion": false,
		"has_limited_time_offer": false,
		"has_bonus_reward_miles": false,
		"is_seasonal": false,
		"is_vqa": false,
		"is_ocb": false,
		"is_kosher": false,
		"value_added_promotion_description": null,
		"description": null,
		"serving_suggestion": "Pair with grilled sausage or burgers",
		"tasting_note": "Brewed to the original Lowenbrau recipe that dates back to 1383; it pours a pale straw colour with a thin head. The nose is fragrant with Hallertau hops providing citrus/grassy notes while the palate is light with average carbonation, balanced citrus bitterness and a touch of malt sweetness followed by a crisp finish.",
		"updated_at": "2017-10-20T14:29:42.390Z",
		"image_thumb_url": "https://dx5vpyka4lqst.cloudfront.net/products/397638/images/thumb.png",
		"image_url": "https://dx5vpyka4lqst.cloudfront.net/products/397638/images/full.jpeg",
		"varietal": "European Lager",
		"style": "Light \u0026 Hoppy",
		"tertiary_category": "Pale Lager",
		"sugar_in_grams_per_liter": null,
		"clearance_sale_savings_in_cents": 0,
		"has_clearance_sale": false,
		"product_no": 397638
	, "quantity":1 }, {
		"id": 908640,
		"is_dead": false,
		"name": "Bud Light",
		"tags": "bud light beer lager canada ontario labatt breweries can",
		"is_discontinued": false,
		"price_in_cents": 4750,
		"regular_price_in_cents": 4750,
		"limited_time_offer_savings_in_cents": 0,
		"limited_time_offer_ends_on": null,
		"bonus_reward_miles": 0,
		"bonus_reward_miles_ends_on": null,
		"stock_type": "LCBO",
		"primary_category": "Beer",
		"secondary_category": "Lager",
		"origin": "Canada, Ontario",
		"package": "24x355 mL can",
		"package_unit_type": "can",
		"package_unit_volume_in_milliliters": 355,
		"total_package_units": 24,
		"volume_in_milliliters": 8520,
		"alcohol_content": 400,
		"price_per_liter_of_alcohol_in_cents": 1393,
		"price_per_liter_in_cents": 557,
		"inventory_count": 5959,
		"inventory_volume_in_milliliters": 50770680,
		"inventory_price_in_cents": 28305250,
		"sugar_content": null,
		"producer_name": "Labatt Breweries Ontario",
		"released_on": null,
		"has_value_added_promotion": false,
		"has_limited_time_offer": false,
		"has_bonus_reward_miles": false,
		"is_seasonal": false,
		"is_vqa": false,
		"is_ocb": false,
		"is_kosher": false,
		"value_added_promotion_description": null,
		"description": null,
		"serving_suggestion": null,
		"tasting_note": null,
		"updated_at": "2017-10-20T14:19:00.763Z",
		"image_thumb_url": "https://dx5vpyka4lqst.cloudfront.net/products/908640/images/thumb.png",
		"image_url": "https://dx5vpyka4lqst.cloudfront.net/products/908640/images/full.jpeg",
		"varietal": "Light Lager",
		"style": "Light \u0026 Malty",
		"tertiary_category": "Light Lager",
		"sugar_in_grams_per_liter": null,
		"clearance_sale_savings_in_cents": 0,
		"has_clearance_sale": false,
		"product_no": 908640
	, "quantity":1 }, {
		"id": 216689,
		"is_dead": false,
		"name": "J.P. Wiser's Deluxe",
		"tags": "jp wiser's wisers deluxe spirits whiskywhiskey canada region not specified corby spirit and wine limited bottle",
		"is_discontinued": false,
		"price_in_cents": 3945,
		"regular_price_in_cents": 4075,
		"limited_time_offer_savings_in_cents": 130,
		"limited_time_offer_ends_on": "2017-11-05",
		"bonus_reward_miles": 0,
		"bonus_reward_miles_ends_on": null,
		"stock_type": "LCBO",
		"primary_category": "Spirits",
		"secondary_category": "Whisky/Whiskey",
		"origin": "Canada, Region Not Specified",
		"package": "1140 mL bottle",
		"package_unit_type": "bottle",
		"package_unit_volume_in_milliliters": 1140,
		"total_package_units": 1,
		"volume_in_milliliters": 1140,
		"alcohol_content": 4000,
		"price_per_liter_of_alcohol_in_cents": 865,
		"price_per_liter_in_cents": 3460,
		"inventory_count": 43980,
		"inventory_volume_in_milliliters": 50137200,
		"inventory_price_in_cents": 173501100,
		"sugar_content": null,
		"producer_name": "Corby Spirit and Wine Limited",
		"released_on": null,
		"has_value_added_promotion": false,
		"has_limited_time_offer": true,
		"has_bonus_reward_miles": false,
		"is_seasonal": false,
		"is_vqa": false,
		"is_ocb": false,
		"is_kosher": false,
		"value_added_promotion_description": null,
		"description": null,
		"serving_suggestion": null,
		"tasting_note": null,
		"updated_at": "2017-10-20T14:27:16.730Z",
		"image_thumb_url": "https://dx5vpyka4lqst.cloudfront.net/products/216689/images/thumb.png",
		"image_url": "https://dx5vpyka4lqst.cloudfront.net/products/216689/images/full.jpeg",
		"varietal": "Canada",
		"style": "Subtle \u0026 Sweet",
		"tertiary_category": "Canadian Whisky",
		"sugar_in_grams_per_liter": null,
		"clearance_sale_savings_in_cents": 0,
		"has_clearance_sale": false,
		"product_no": 216689
	, "quantity":1 }, {
		"id": 459818,
		"is_dead": false,
		"name": "Sapporo Premium Beer",
		"tags": "sapporo premium beer lager canada ontario sleeman brewing malting co can",
		"is_discontinued": false,
		"price_in_cents": 1400,
		"regular_price_in_cents": 1525,
		"limited_time_offer_savings_in_cents": 125,
		"limited_time_offer_ends_on": "2017-11-05",
		"bonus_reward_miles": 0,
		"bonus_reward_miles_ends_on": null,
		"stock_type": "LCBO",
		"primary_category": "Beer",
		"secondary_category": "Lager",
		"origin": "Canada, Ontario",
		"package": "6x500 mL can",
		"package_unit_type": "can",
		"package_unit_volume_in_milliliters": 500,
		"total_package_units": 6,
		"volume_in_milliliters": 3000,
		"alcohol_content": 500,
		"price_per_liter_of_alcohol_in_cents": 933,
		"price_per_liter_in_cents": 466,
		"inventory_count": 16527,
		"inventory_volume_in_milliliters": 49581000,
		"inventory_price_in_cents": 23137800,
		"sugar_content": null,
		"producer_name": "Sleeman Brewing \u0026 Malting Co",
		"released_on": null,
		"has_value_added_promotion": false,
		"has_limited_time_offer": true,
		"has_bonus_reward_miles": false,
		"is_seasonal": false,
		"is_vqa": false,
		"is_ocb": false,
		"is_kosher": false,
		"value_added_promotion_description": null,
		"description": null,
		"serving_suggestion": null,
		"tasting_note": null,
		"updated_at": "2017-10-20T14:35:02.710Z",
		"image_thumb_url": "https://dx5vpyka4lqst.cloudfront.net/products/459818/images/thumb.png",
		"image_url": "https://dx5vpyka4lqst.cloudfront.net/products/459818/images/full.jpeg",
		"varietal": "Asian Lager",
		"style": "Light \u0026 Malty",
		"tertiary_category": "Pale Lager",
		"sugar_in_grams_per_liter": null,
		"clearance_sale_savings_in_cents": 0,
		"has_clearance_sale": false,
		"product_no": 459818
	, "quantity":1 }, {
		"id": 447540,
		"is_dead": false,
		"name": "Georgian Bay Gin Smash",
		"tags": "georgian bay gin smash ready to drinkcoolers ready-to-drinkcoolers readytodrinkcoolers coolers canada ontario company can",
		"is_discontinued": false,
		"price_in_cents": 295,
		"regular_price_in_cents": 295,
		"limited_time_offer_savings_in_cents": 0,
		"limited_time_offer_ends_on": null,
		"bonus_reward_miles": 0,
		"bonus_reward_miles_ends_on": null,
		"stock_type": "LCBO",
		"primary_category": "Ready-to-Drink/Coolers",
		"secondary_category": "Coolers",
		"origin": "Canada, Ontario",
		"package": "473 mL can",
		"package_unit_type": "can",
		"package_unit_volume_in_milliliters": 473,
		"total_package_units": 1,
		"volume_in_milliliters": 473,
		"alcohol_content": 500,
		"price_per_liter_of_alcohol_in_cents": 1247,
		"price_per_liter_in_cents": 623,
		"inventory_count": 98801,
		"inventory_volume_in_milliliters": 46732873,
		"inventory_price_in_cents": 29146295,
		"sugar_content": null,
		"producer_name": "Georgian Bay Gin Company",
		"released_on": null,
		"has_value_added_promotion": false,
		"has_limited_time_offer": false,
		"has_bonus_reward_miles": false,
		"is_seasonal": false,
		"is_vqa": false,
		"is_ocb": false,
		"is_kosher": false,
		"value_added_promotion_description": null,
		"description": null,
		"serving_suggestion": null,
		"tasting_note": null,
		"updated_at": "2017-10-20T14:25:24.119Z",
		"image_thumb_url": "https://dx5vpyka4lqst.cloudfront.net/products/447540/images/thumb.png",
		"image_url": "https://dx5vpyka4lqst.cloudfront.net/products/447540/images/full.jpeg",
		"varietal": "Lightly Sweet",
		"style": "Crisp \u0026 Citrus",
		"tertiary_category": null,
		"sugar_in_grams_per_liter": null,
		"clearance_sale_savings_in_cents": 0,
		"has_clearance_sale": false,
		"product_no": 447540,
		 "quantity":1
	}]